feature,target
0.0,2.7838645056331073
0.1,2.990644599502721
0.2,3.333026207648506
0.3,4.8029755876482945
0.4,3.8086175743256696
0.5,2.003969878488564
0.6,4.998477516101573
0.7,4.348993782254247
0.8,4.6745619737822075
0.9,5.4238271800512825
1.0,5.848446605360081
1.1,7.495338029898715
1.2,6.984954760198003
1.3,6.415760766165748
1.4,5.392517596482769
1.5,5.228006448768424
1.6,7.369513292816803
1.7,9.216621240806072
1.8,7.562485295855076
1.9,7.590515059343824
2.0,8.797664330601304
2.1,6.069682052986983
2.2,8.03158402428316
2.3,9.485543798890287
2.4,10.31010657806917
2.5,8.889055491017297
2.6,10.064899788031866
2.7,10.122320173992621
2.8,11.173490213055462
2.9,8.58016667862774
3.0,11.352376031378078
3.1,8.47821941241229
3.2,7.070081866671722
3.3,10.339663907700746
3.4,10.126284930481008
3.5,13.064018364584609
3.6,12.996398849419343
3.7,10.421387888056458
3.8,13.771042135022
3.9,11.246695763636476
4.0,12.870634230495574
4.1,12.809150333065201
4.2,13.671629786191382
4.3,14.97795446731565
4.4,14.957620686188665
4.5,14.774827652803813
4.6,15.474922146709448
4.7,15.467738056475177
4.8,14.0595218021706
4.9,14.173943359275134
5.0,14.79504758879598
5.1,16.498989600715174
5.2,15.624826643503924
5.3,19.753631333720822
5.4,15.27106118672026
5.5,15.101688100146763
5.6,18.152710273204544
5.7,19.3827749720152
5.8,18.258539036258888
5.9,19.00372601895151
6.0,20.139517466163245
6.1,18.108958785975545
6.2,16.365561600291535
6.3,17.95188517752193
6.4,20.429343635974863
6.5,17.084482390882567
6.6,19.550296981180892
6.7,20.12985603901309
6.8,19.526611752779495
6.9,21.335447979552146
7.0,21.37116961228985
7.1,24.232112775351098
7.2,21.929951651659703
7.3,20.335894812035406
7.4,20.657303611498953
7.5,20.50262834813699
7.6,23.42841033972373
7.7,21.39975074777945
7.8,22.394608839449102
7.9,23.87395392893451
8.0,21.91480551402289
8.1,22.809513054573422
8.2,20.738070601594124
8.3,22.12628207144193
8.4,23.148395381712227
8.5,24.873641482775007
8.6,26.290239908664944
8.7,24.72229978025443
8.8,25.392046418799705
8.9,25.50195405282085
9.0,27.127111670180405
9.1,27.09003279810731
9.2,26.410539973111312
9.3,24.733583544832033
9.4,27.85507797151689
9.5,27.32157069193363
9.6,28.840412324571332
9.7,27.20514011097818
9.8,30.42965138672577
9.9,27.211685489517265
