x,y
-2.972207861972383,-22.75145899391125
-2.969630496922688,-25.722987544547475
-2.9668672972583856,-22.23349032604907
-2.958287216812856,-21.591885132502146
-2.944817690300222,-21.411272425749033
-2.93497409111821,-20.16434573347692
-2.934025028049117,-20.638360581895817
-2.931878131395486,-21.343312960947998
-2.927073151861102,-22.30252471710763
-2.9219884589355836,-25.379125415881386
-2.921433260469998,-21.186520751698293
-2.913639068221465,-21.470054343494198
-2.9127320059927087,-21.323657656735215
-2.9072603008267954,-24.30821852376188
-2.900473026432863,-23.77825223627376
-2.8913388970749567,-19.324140327987923
-2.890669046090702,-21.495974935793438
-2.8896559407151994,-20.033331691493835
-2.881736773473815,-21.179598138669526
-2.879572813333642,-21.133095379106646
-2.8764930342251853,-19.25403827046833
-2.865184150079296,-21.935922809300592
-2.860368385585045,-20.615450368400555
-2.854104201411277,-21.607565998172436
-2.847895539507255,-21.428860898939472
-2.847681866037931,-21.173982053832418
-2.8474852395354286,-20.10747759003189
-2.841798153016488,-21.396836408176558
-2.8409321367502693,-17.910741010086333
-2.8408067767570815,-22.208995278253873
-2.837424044979099,-20.726868102183946
-2.827303942119966,-21.033918026616035
-2.8169985003657034,-17.059338098872544
-2.812901189632292,-19.480525236476137
-2.8114248858795943,-17.781288317748913
-2.798805391585324,-22.57209640126861
-2.7936688733086896,-18.9680516678592
-2.7843463572195475,-17.54425745536324
-2.780701992911431,-19.089373881985424
-2.7799007826564126,-17.107703763762963
-2.7786783158728032,-20.249944900413762
-2.7759108675047135,-16.34399320186651
-2.7641271609534064,-14.341501381410739
-2.755627186086179,-19.504757896488982
-2.7553491506714165,-19.664858128651357
-2.754788302401127,-15.856541434535822
-2.7410405282965433,-15.346786200308271
-2.7286879793628636,-19.322104154346498
-2.7286362665367716,-19.115800158286437
-2.728175941367733,-18.830473063221945
-2.727321717951253,-20.939995312484694
-2.7239841478694835,-20.026702051306223
-2.721297523680014,-20.148102076152288
-2.7182041993496697,-19.61842745032176
-2.6914451190944977,-17.6634265324645
-2.6911274925000637,-17.119870748881574
-2.689909672988354,-14.465237721353716
-2.6890587790654386,-19.54754156642262
-2.671430167067812,-15.264729271940489
-2.662180345908976,-17.496074854697998
-2.6617470200944373,-17.15930367769073
-2.6546474399001343,-15.584515978849328
-2.6514983269908035,-19.123779185791005
-2.6335322408708173,-15.79701775481264
-2.6197501771633935,-15.988396833651555
-2.6186498982838584,-15.317279843292727
-2.609690442088323,-15.568623876056748
-2.605748163429886,-11.168321773919644
-2.601022395799335,-17.27305005986473
-2.5975411356694353,-16.99978144804173
-2.5838321947490073,-16.94984917494792
-2.5765875155974207,-16.69151687614488
-2.572868109238626,-16.792392696335494
-2.563421961814839,-12.98035533159323
-2.557220611587607,-12.41333585429979
-2.555732089595458,-16.370920716237357
-2.552696137921375,-16.843389913201758
-2.5491733095851474,-14.17707579181069
-2.5448200313480163,-16.151898847934334
-2.538120541027242,-13.67045703298421
-2.5335921782100908,-14.455612144593616
-2.529261711946404,-17.82154737490645
-2.5185975260301467,-11.52001984349532
-2.5119073161486014,-10.914048168327518
-2.5094458083067686,-15.691305407031937
-2.503207992449241,-15.13984335576251
-2.4989956998079874,-13.72452965510134
-2.4953591633100154,-13.56862744654741
-2.495160210029707,-12.91724374185871
-2.4909737154888485,-10.146493698166298
-2.487915210037392,-14.471645003533348
-2.487901991528137,-15.714132807655794
-2.4869488148731915,-16.860877575570754
-2.478478271475458,-15.428533901484109
-2.4690449876884832,-13.882784944161166
-2.467784797457666,-10.207423860473579
-2.45826137967355,-14.681187514119882
-2.452763381707858,-13.111864021991304
-2.4522799392831987,-13.584691636654359
-2.450507560040195,-11.147237653833441
-2.441383393164605,-8.327418569751817
-2.437951393031445,-14.389539530289055
-2.436108360954786,-14.278007816745635
-2.43334223546443,-11.167834940676231
-2.4169410373753886,-11.639100813868836
-2.413967315961697,-9.263826325951868
-2.4129950360939914,-11.774479855841674
-2.403351643443929,-13.513583101613328
-2.39533199173544,-11.491841155580977
-2.3932639432632588,-10.424422421022978
-2.3911707428038076,-10.969204771833974
-2.3893051642775776,-11.567438844822965
-2.3812567869844043,-10.32743676922789
-2.375348508092557,-10.033615592864013
-2.360410481197369,-9.385413491200035
-2.3569679319613437,-10.801341390748568
-2.3526514380401733,-12.36924599813207
-2.3396884528339394,-11.551187336167377
-2.3362095782687566,-9.380770114047579
-2.3328151061630917,-13.378175613539398
-2.327766586991686,-10.93356185620108
-2.3205717249554683,-12.35339977761396
-2.3191588725564656,-11.488830438822632
-2.318654446802226,-8.982136805709107
-2.310979051564779,-11.04636941473688
-2.3047856428492217,-11.24695279335994
-2.303564156958503,-14.042078431990356
-2.298611755749816,-9.759212406404211
-2.297597901434365,-9.946316546595039
-2.2948425193373705,-6.87159428612137
-2.293493502659153,-11.794503068048106
-2.2910110342700625,-10.705437002028642
-2.2870925023915687,-10.589509885202677
-2.28243452437019,-7.867629614085636
-2.2814272090844927,-11.198936737759704
-2.2808077959979034,-10.441581330003789
-2.276184773396395,-9.71885148908536
-2.267770590931327,-10.443664905370275
-2.2542166590867314,-11.521424652343589
-2.252023912780399,-10.210068605483178
-2.237636924088691,-8.253214145938074
-2.2350680260081055,-12.418393577527615
-2.2345181832266174,-10.091915552622513
-2.231724966253365,-11.719997775543888
-2.2267216685361046,-7.861596554755275
-2.22504350909103,-13.275284372266858
-2.195908629296156,-10.955340102024588
-2.1935119383661545,-9.051214798365105
-2.1817711464793814,-6.519271316876409
-2.1790882144862316,-9.746500593481587
-2.1786862195871564,-10.720112629056132
-2.1748743351240405,-5.797342406429085
-2.167036964103539,-12.353172521596756
-2.1643675640196767,-13.819966113758868
-2.163863555563055,-8.535763628624363
-2.163036836087749,-10.40914283087224
-2.161365740242263,-11.425772503350359
-2.1594959085808556,-7.942311917137571
-2.1593209454012845,-8.869152861229933
-2.154857877721201,-10.427085505130256
-2.154454650151424,-11.854321296223322
-2.142049907682985,-7.38904576694624
-2.1306307674526614,-7.687699583300274
-2.1175591144257724,-9.02089440753925
-2.1080236334813223,-5.009440668510017
-2.1004954359073573,-10.748841254676055
-2.097498653378831,-11.622423278654583
-2.089950721603493,-9.86159116768961
-2.088583838926234,-8.552049932601765
-2.084765742514432,-7.92708621588376
-2.0828451648940076,-8.872586274632
-2.079891581303519,-7.649693702687998
-2.0738237083547864,-10.782524780327897
-2.068558524415725,-5.327651936241461
-2.0640328779827843,-8.324435895235137
-2.0638881573453807,-5.923784473994784
-2.063084415802858,-7.463168560073125
-2.061377743973484,-7.2144133590581205
-2.0359117604426658,-6.682481566612911
-2.035151691495008,-6.917553912693203
-2.0326722764759735,-6.4980537319791765
-2.0302277154323174,-5.0961878505822815
-2.024298363930652,-7.291305579253867
-2.022393437511422,-6.243868132112753
-2.018064342805773,-7.790391258524155
-2.0144052124140424,-4.6877390703255175
-2.0022997874635236,-8.779484358671212
-1.9863896215670127,-3.6410155018307004
-1.983043519883445,-7.284825887569626
-1.9768552578762508,-9.995314848692924
-1.974674475659605,-6.852700771328883
-1.969924284910179,-8.417010521714563
-1.966080772790221,-5.330062512809597
-1.960788780539909,-8.256825251728415
-1.9602340795749253,-7.837692327402954
-1.959758428231471,-10.719048059308705
-1.9538014259700514,-7.777623973370162
-1.9477723282593025,-11.653302894301163
-1.9416780809626601,-9.905458270911021
-1.937937094339519,-5.175299032855542
-1.9373359235577063,-5.1178658649445
-1.935362737321663,-5.8167051009556126
-1.9317841987814914,-8.562034535822002
-1.9287320276739983,-6.689865564166031
-1.912601603006039,-6.4251314927542005
-1.9113873894612161,-8.721454412333012
-1.910413699191446,-3.387350772690958
-1.9090501967573963,-4.624623379091045
-1.908719493605131,-6.81768914247764
-1.9084312170283733,-6.318862881113311
-1.899572940879397,-5.860133560678399
-1.892873883861736,-10.288391319722667
-1.8908732668468378,-6.677851189095045
-1.8808889376008746,-7.441022501111898
-1.8805978556921654,-8.077202857945387
-1.880579646683785,-6.635970074593224
-1.8777375086548598,-2.4482503402151665
-1.8712730416574321,-4.693611662483283
-1.8558736760180006,-6.956239765256553
-1.8462658871479753,-4.568965583860703
-1.828542073211733,-2.733327778158825
-1.8252531912642214,-3.6492546575794926
-1.8241028254851288,-5.367558149889459
-1.8077059107949656,-6.615010360076086
-1.8019573070498416,-3.867102241977971
-1.7902360797135328,-4.359956642423594
-1.7700942275050742,-3.1586285626443997
-1.769162157107957,-3.669588854563875
-1.761997689565245,-2.7712363550514487
-1.7614723694363807,-5.935725150742214
-1.752682469123836,-2.1456618398644896
-1.7439040599797382,-4.301147391635866
-1.7405664414264854,-0.5140025269337141
-1.7313119580207321,-5.955107324249722
-1.725965335930343,-1.0543799621774959
-1.7222150309465356,-4.095246078390166
-1.7103577284554594,-5.683185340067997
-1.705073835018941,-5.299123662374833
-1.6681670284023034,-4.6356376721374675
-1.6673531371756185,-3.1393066846641746
-1.6584249688832842,-2.86216099336313
-1.6543841432366413,-5.019305452875685
-1.6523710623601082,-3.9027614345515835
-1.6410253488123723,0.5305521495556178
-1.63238902474835,-0.2233661546273047
-1.6281431669792237,-2.7688691981138858
-1.6272110070502652,-3.5574180375508586
-1.624491628604151,-3.3697931261924188
-1.6135512204715716,-2.2885407364557535
-1.6067238291190962,-5.502766108879376
-1.5766392495840331,-3.7186121458264916
-1.5765054750191996,-6.539915265249468
-1.574174736045602,-2.384947903780321
-1.5709033137196409,-1.8619037258092213
-1.5626286559981655,-4.054465653198443
-1.5591262873308416,0.08860237566634988
-1.54888625459729,-5.427425408610253
-1.5476683709309975,-5.894764846074144
-1.5455416055095186,-2.4998850037446774
-1.545176978191622,-0.8516418121906835
-1.5409668540032755,0.45601363926245897
-1.5360621397254985,-3.790161759941346
-1.5279053419120743,-0.6497997745317208
-1.5242536296929512,-2.855125466332956
-1.5215878005653591,-3.1022125939021867
-1.515911389540814,-0.9447666373622259
-1.5136140629930552,-1.3893442769314053
-1.5090651611132055,-5.811049825251935
-1.5042466251067503,0.33250093425980953
-1.498542611012428,0.18400658148082893
-1.489306225047815,-3.755875222351169
-1.4892056465582835,-1.7123681935757173
-1.4853783339358755,-1.4864921970389546
-1.472156071417417,-1.8523298611796886
-1.4526738874007863,-3.3278239578643296
-1.452583037730361,-3.569783419504515
-1.4523502337090664,-2.2759103404534304
-1.45053367020625,0.1341774063338974
-1.4473201103998985,-1.100214790476062
-1.443459399412245,-2.900064215315485
-1.4264157342010495,-0.4904662182058861
-1.4087857939096473,-7.603719444683385
-1.3916181550627424,0.5128109516623311
-1.3879358436903235,-5.238251464588146
-1.3845406143037142,-2.4599070726233485
-1.3755319611386774,-3.9115850492687567
-1.3750064924275547,-4.257962670151073
-1.3719058093566245,0.6745287797581465
-1.3671291766202238,-2.5495674187103643
-1.3661560408837863,-0.914460608925034
-1.3595575684157626,-1.656064267785507
-1.355668675876764,-0.581607761635262
-1.3387341111167776,-1.2676400059357928
-1.335712902113204,-3.9670515516773515
-1.3284579658082483,0.6397749003509277
-1.3281212145803314,-2.3380377541398456
-1.320396618324343,-4.412638680747576
-1.320125438038295,-2.1539199549620047
-1.3153658253548652,1.7350876225464624
-1.3143929418757154,0.44038300977763734
-1.314220862446618,-1.9562384075974548
-1.3088713513596004,-1.9225282385107136
-1.307792564572161,-1.8602626241433797
-1.2973445652076532,3.004114596366559
-1.2909570337351943,-0.3445139705546387
-1.2894289878369174,-0.238532232308603
-1.2857274823088356,0.9855557934521348
-1.2807524872302936,-0.5658423919924214
-1.2682166805584654,-1.4825889763124782
-1.2678375793758008,-1.3548330653905523
-1.2614912825173918,-1.0657713969435594
-1.2526251588117485,-0.9421564927507196
-1.247132108788691,0.6212909144373551
-1.2411136184339204,-0.6933174966852138
-1.2407353698116128,0.6703736861377672
-1.2384489344130398,-0.9424383187868903
-1.2333066475824859,-0.5925869136469524
-1.233205442748494,-4.745647265184089
-1.2172697062609499,1.1789029612956161
-1.194730141099382,0.1716696867128107
-1.1917327550151475,1.492096170934025
-1.1745465422427737,-6.197797953246408
-1.1723173849597759,3.784127506840065
-1.1428343022820335,-0.5070419262466006
-1.1341060697060268,2.036303212296847
-1.1297335434635343,-2.2360944069007687
-1.1296675932267106,1.0696230781636247
-1.11386411354204,-2.1777361843329004
-1.098467969062334,-1.2369937863048086
-1.0919791501688167,3.872529179612004
-1.0861462182374322,-0.3066088416221545
-1.0841181744575108,0.5201078802502727
-1.0797023938163295,1.8481293835788255
-1.075319610169585,1.1218307445036153
-1.0675250065009303,0.47100534377018677
-1.0658769301516622,0.9084401090587282
-1.0622611623525242,5.003616609894302
-1.0607824078754686,0.08899765559225407
-1.057924581574538,0.6207961897897649
-1.0489000678395177,2.3649637229279468
-1.048018015420414,2.4790863646820878
-1.0476018110443936,2.6441601504490815
-1.0350158869325121,1.609553805458361
-1.0280127277805042,-1.919799361881814
-1.0274903382749507,3.6356076467427205
-1.0146118508841049,-1.8619445117558473
-0.9990049698531349,1.109944899431433
-0.9945366550982353,-0.9829544874363789
-0.9905663120574832,0.4158217748527333
-0.9888165501245947,1.2097500465878814
-0.9803743308364767,1.2339189049447716
-0.9743089715782323,1.4628157423223298
-0.9720290588907852,3.8567844946171563
-0.9658212537077961,1.564574570094818
-0.9551787584818929,0.21696743826268983
-0.9536018936984489,2.6404828612260696
-0.9490958898127442,3.111259931046563
-0.947509507704555,-1.71587718403402
-0.9259963000568208,2.028033493291255
-0.9258240389764834,2.2363209645925517
-0.9219240338042325,0.25560919180004893
-0.9182807886226341,3.6177361020773646
-0.9104671978601981,0.5994083177746805
-0.906790400742028,1.1661852479612778
-0.9047425523240347,0.577498788048648
-0.8964746471604181,0.9893447734876892
-0.8945099246875277,-1.2262058859865403
-0.8798866318436831,-1.8536559810541817
-0.8659637012103052,4.271677291336225
-0.8641639280924305,-0.604058856976756
-0.8634196446129225,-0.8899494527957141
-0.8594800398384645,-3.198262890624135
-0.8510236918029568,-0.1360053002908883
-0.8492056287343646,-1.4971267340994516
-0.8470170952589848,4.441649984162105
-0.843053092681469,3.192710331588367
-0.8388561515324229,-0.18694418174208627
-0.834156618359839,5.7123553113085865
-0.8256366053002013,3.2036024765593307
-0.8215062216081894,0.6060793217990964
-0.8182223857242361,-3.730669767452151
-0.8143808337115472,5.864465849976767
-0.8018289402378498,-1.4498834647151468
-0.7937051816433991,-1.9317275370177702
-0.7933012036844804,3.4056848874678725
-0.7865181625813653,6.264682975751665
-0.7790477984673334,4.180600750216719
-0.7771673832517081,2.5465970332538914
-0.7761471175986543,2.6119285722382504
-0.7678914852433012,3.158532706982079
-0.7601441023214823,2.9967461562379114
-0.7543752254632778,2.061333616832986
-0.752759286915825,1.7129447013137777
-0.7523243122411727,1.3808593269982605
-0.7507765228577759,0.0034577694945492343
-0.7465022841603357,0.9647291824974307
-0.7424424868145056,-1.8459575212436432
-0.7412197987317022,1.3474411642222757
-0.7383334234505545,-0.42325860079109234
-0.7362950213722641,-0.646355023674718
-0.7218455509963988,1.9689758799768984
-0.7146548602138711,4.416904402338856
-0.7011688305030153,3.5133723472683487
-0.6966526717607318,-1.4497647385686272
-0.6894136283884484,-0.26497265553928373
-0.6833841731953543,3.614843360023554
-0.6795879221967756,-0.21978317363389088
-0.6709804427608685,1.322648992637558
-0.6679362618631082,2.881392410823671
-0.6647899275950211,-0.14575613681295585
-0.6642263157481407,2.003406845872712
-0.6465357294016059,-0.8220184114912592
-0.6453293554641877,0.6468875576697037
-0.6414136519994376,2.5007967114435368
-0.620743306072379,-1.264561918676959
-0.6168988222892713,2.8133686396476323
-0.6162762566377964,1.8949179280555546
-0.6128664057255504,3.0488625927043627
-0.6109878384543403,2.3970278754839507
-0.6089715936157596,4.683170440703157
-0.6059837767792184,2.213738806995733
-0.5954216347480443,1.1338728021348699
-0.5948914994181607,2.2387419011055756
-0.5791028027256178,3.1237777743306756
-0.5475949734114218,2.2177108718796763
-0.5462823335143807,2.2045362646018445
-0.5435300868525577,0.7263964327176029
-0.5377024617862216,0.8193561441223705
-0.5376190380620312,-0.6598420025262217
-0.5289545151163888,5.666239566067718
-0.5242939385314411,-0.3090826250069978
-0.5122552576378574,0.82228957408894
-0.5110829859740091,0.7741231729701681
-0.49553398110732605,4.03791669991382
-0.49054178225628675,1.6698898907417004
-0.48737685064756153,4.762654410166261
-0.48644730297271277,0.9223494841883357
-0.48239962543326076,2.8366878823951174
-0.4714526964450121,0.6330282220617538
-0.4552159721856839,6.630294293396512
-0.4546679445181425,-0.0339938684558847
-0.4487189731845991,2.973873286882598
-0.44738136830149955,3.6246968505041317
-0.4373532682424619,3.2063541195662713
-0.434753889848702,2.0137218149547915
-0.43089511009611403,2.1328355214385732
-0.4260358357498899,2.4903222915331304
-0.41004272262192387,2.141728503763575
-0.4083298881473052,4.366973271636298
-0.39689010457216156,6.883248400467748
-0.39103596837752264,1.3588002164233002
-0.3832408251880999,-0.2505908218528168
-0.3751504678576256,2.32803114122009
-0.36617147576618336,7.681035215641064
-0.36519054857868927,0.9161097999380425
-0.3590850375623922,5.813084520813272
-0.3554235183706309,5.897022166657897
-0.3508169917597379,1.4428948761942293
-0.3239653622522658,3.7358489430568884
-0.31552579905927214,5.869198444343553
-0.30932686813008115,1.8646646113213832
-0.2967351881394391,2.2367249734801136
-0.29496377157520737,1.483431344079546
-0.28669235466115683,0.6307196658479279
-0.28536290320383983,1.3638173694308007
-0.28026699151183454,0.22263894127792128
-0.27275361139336063,2.7505449196625364
-0.2660594832857224,1.1528439102677015
-0.26358009469778443,3.1641823450322266
-0.2504826570509002,-0.3953251283418364
-0.24518546257043194,3.3861032273754774
-0.23532739180364537,4.405825136556274
-0.22796517813520367,-1.2381286357266776
-0.22479170320111264,3.50196269573997
-0.22392128598236116,5.210418275631748
-0.21780957036010706,0.34437454271357293
-0.20641189120523906,6.124491039133191
-0.18803614803524216,3.641855735949635
-0.18784104123017809,1.3940484316091188
-0.17054286869904978,2.714645597060191
-0.16759832934000451,3.946514270078324
-0.16671044902830445,2.982974935464768
-0.1591693753166057,3.917758347282454
-0.15623015842276589,1.0024726301172724
-0.15495702547604884,3.1840816227631183
-0.143697586805402,0.031350535521108114
-0.11315938887109489,2.6709298037952247
-0.09286208885387204,1.1071466129701055
-0.07541281050291815,1.4615709162373935
-0.06328343833462213,5.416627128918851
-0.050304749299005636,5.139276110597457
-0.04730224152277085,4.177696526701182
-0.044893837086816824,0.7769956122650195
-0.04429143604278263,2.3293524302597395
-0.0442493742548451,5.38840297171319
-0.03722642181365554,3.2519639277433194
-0.03347817178451118,7.6105128359861745
-0.028938539332378888,3.7624678033208414
-0.027052102762809227,3.361568472668761
-0.02180251679258216,2.363749456564415
-0.016508964645687296,3.2535453330261808
-0.009793363563121549,2.6871100747839574
-0.009346806425656329,4.40863466460668
0.009097768123197625,4.920583901334274
0.013170061987455739,1.4383501301118955
0.015822558631152894,0.34989369637077417
0.016074139373168705,-0.6598594116543213
0.016322340554874692,4.028722997996762
0.01881755148052644,0.80789924019399
0.020503625129141057,-1.2898784543256814
0.031514234687143095,3.801192469559771
0.035332073306795664,8.012788720518355
0.04566227210673013,3.0219335467954136
0.051424146988216624,4.715015529131726
0.06448381546539439,3.210390041609351
0.06805439316562678,2.8512641212081022
0.07006465269399698,4.888485797098511
0.07255834979568565,2.471370933993689
0.08393693495886456,3.5937753702711577
0.08540663048166941,3.7032792562144614
0.09780208980717209,1.7310502166945074
0.1099779141824202,5.058217959712373
0.11274373046019637,2.7257386436323525
0.11302834275643292,1.564323859199096
0.11350623169702523,4.149095463049087
0.12040812706686488,1.2828656431557381
0.12098100667196032,3.13646879874889
0.12184620542275981,3.062327668427597
0.13345956032882622,5.258373589260476
0.13639697629196412,4.037457858513489
0.13839254861471595,3.03900240585851
0.1385870650208929,4.724685478450099
0.14634161596548,5.873356364937381
0.14706833742152803,4.2089108451795365
0.14853858979342682,3.1146983127140184
0.15414109381611496,0.4729601940606223
0.16620665451779892,0.971884115552363
0.17790347013603913,2.496709084584908
0.1881277894088882,1.892336464520537
0.1926809115918937,2.739227732246089
0.19553659530951517,3.2275857817686093
0.1957035987301392,4.173736223419657
0.2007665518579289,2.975293204971468
0.21464810444855065,4.09437802857496
0.21657819806472212,3.2510034700470873
0.22263925091128645,-0.8267856977631447
0.2243736176275375,1.2460637610052792
0.23605345149390455,2.8403787659603537
0.24381072966063932,0.7115731942786496
0.2498052879652013,4.332612732050455
0.25586780824545974,6.196009528659037
0.25617649894949057,5.572119194735205
0.25634666008557705,2.7077579862840055
0.26131716668393157,6.117484251588882
0.2737007358956096,3.436652739192451
0.2802616760596779,2.466788272003136
0.2924027361995165,1.917017753137055
0.29535998823672305,2.539546827263714
0.29717329394241343,2.3685326171217413
0.31144103264691303,3.4886948426487705
0.3122830851118814,3.4691765963640804
0.3231257064079247,3.156169152256084
0.32506801509476047,4.024302535140265
0.32612431506840434,5.5319063320932
0.33120486959677375,5.050602202706541
0.3325902336157647,0.1819316782559146
0.3405773580835785,-1.9548196235515514
0.3408075747501007,5.02169848500544
0.3504254984148303,0.4207411463967996
0.3578419878493073,2.7059927127743815
0.3656278292123174,0.8162950021094852
0.3676631854169772,-0.4471921288847267
0.38904679957569854,4.2419765597739465
0.39079910153525343,4.677523065350498
0.39842784178138313,2.006851940937256
0.4098516200128297,-2.021354209267302
0.4193381092278994,2.068837390615692
0.4203670205361898,3.9449927074108384
0.4246698280134713,0.2037927954780656
0.4296761368193991,3.5285785941336014
0.44062732873971644,3.1316736693737677
0.4468386790794714,4.321065155209542
0.45284506725527374,3.4017865691261506
0.45773016100087904,1.216577068940772
0.45909885308552134,5.555878513440895
0.4614233077581549,2.8457068945511543
0.46968084597704385,3.108221301377556
0.4835301016682605,1.2962515296217818
0.4874293285356739,2.276177661382162
0.49824936581815304,1.3929369559941251
0.500212590582958,2.816602545055744
0.5003507685967228,6.585908135723974
0.5019366711052324,0.41864761317885124
0.5058858715386014,-0.06478543015609572
0.5146534876407798,6.10437926491405
0.5173789921007836,2.7432848821618374
0.521046708125275,1.823633682677923
0.5395061211277987,5.240650220906458
0.5413840012145226,1.9494990723514487
0.5417696550888467,6.8127265067218
0.5449995634140645,4.516361082448714
0.5453576591294507,2.184664107018677
0.5476526144695755,7.474957368023033
0.5544874131722546,1.9484528567230381
0.561554721324292,4.643563448231127
0.5647842921128108,3.757712851466023
0.5704675842015288,5.762161292753788
0.5723101039202625,6.2815507486164215
0.5738324436470656,3.2224106724657573
0.581057093501335,1.6509475011688381
0.58447861302185,4.077422280884458
0.5873998728665111,1.8017806440297268
0.5919509051822196,7.183559707414723
0.60310116260192,3.4287576756547034
0.606690070459253,2.424674612930917
0.6189126567983294,3.5233654218945776
0.6346489161413231,0.45794316394246026
0.6370478067052803,1.2086808051116353
0.6385743579575394,5.552552684723182
0.6402902782971354,1.8377281240057488
0.6452691114086302,1.0570827205850022
0.6573860038793811,4.222673449092339
0.6637202546497956,5.519947563351563
0.6687254126078868,4.585779426695412
0.6703244774061137,5.1397531602152915
0.6711173683342766,1.6339606264525535
0.6804911756147392,0.3026466444448541
0.6900433601950184,6.147595652957133
0.6951005883132986,2.498847077571755
0.708769442747375,2.6405511996214015
0.7093083798975663,5.798525974989167
0.7095286291817757,4.254565180928717
0.7204365355710811,4.052253866387322
0.7207955868092206,7.470428957842843
0.721857308120788,1.853227789350612
0.7325202013672412,4.99432338852862
0.7373428549140018,3.2519283996063835
0.7397887609653475,3.6747092112605846
0.7448934470948041,6.193670229368816
0.7454279754839526,4.15232177586882
0.7551594942854183,4.2117215592624255
0.7653484805043806,5.27853811421746
0.7662483184285072,2.403475585412715
0.7674023369454464,1.4547789721478668
0.7736570806793042,1.0425873387227376
0.7763918288115752,-0.800942450318757
0.7868317559835774,7.242520037219065
0.7910232730187956,0.9230191831939925
0.7935857275171823,2.6865189044748483
0.7938349835614771,2.5753596856941146
0.7986087436396074,3.7430359952894108
0.8004051259003546,4.759409604967782
0.8004225390625406,4.848879370507204
0.8008693189568836,1.9617060321575008
0.801178264565368,2.7935680509146152
0.810561905205863,3.691470585254211
0.8184624675826822,2.6276668994030365
0.8245794089892393,6.338765871394064
0.8253448281312785,4.105902871031364
0.8452484688192876,4.590562138487488
0.846885797311784,4.446312343773067
0.8521898769257268,5.466668411618921
0.8545156692378937,3.4814016194742554
0.8597293106541191,0.5248859592458079
0.8639972594340946,3.917267397158512
0.8710367424566989,1.8140995670951572
0.8728337754430067,2.059306415236864
0.8755034479896073,4.2888626997523
0.8952618126963814,5.58975649440199
0.897797394283288,3.1553632536788982
0.8997835846665909,3.7301974124415436
0.9085223301111851,6.515705355409821
0.9117675570156032,3.592321649278163
0.9164766471112484,8.313520073053919
0.9456773538020604,4.237256689146457
0.9521617897136698,-0.41610988771128055
0.9535436514609081,4.611926203891544
0.9599042762050742,3.866776411977711
0.9611842603063874,5.6838098395360745
0.9751337061238918,4.449027143879154
0.9810106146483348,2.8250917258390507
0.9812242321002635,0.6533835535436481
0.9820269921758888,2.68384479201197
0.9902200472775329,1.3999653133823298
0.991183324177201,1.9398577454278674
1.0053464311261635,4.276630817438403
1.0085108194238774,6.4389799652111535
1.011859319546586,3.8882001546972034
1.0294391735567974,0.7055627150056516
1.0302041064351402,3.986472389633045
1.0313564615923703,5.490437710707692
1.0328132844352709,1.8774935416309118
1.0351107364622303,2.8288460637751305
1.065386171053694,3.124260152190379
1.0746139148669371,1.5246198498837167
1.0890163333435758,4.39038908523418
1.0980406404981409,2.8516544106012507
1.1053981590729416,3.932443125543357
1.1083870353232754,1.3183379175573346
1.1304143785664165,2.218253372553203
1.1423689717761913,4.538049328658622
1.1456264286147952,2.347677323933451
1.15137118615616,6.547398756506562
1.1636906668025997,2.2945899681957123
1.1681788251265601,3.543415198959382
1.1744921339077035,4.959523126836089
1.1758452365621874,0.25767917803722806
1.1761787800498382,-0.42718960992743904
1.179904943261354,0.04331799579837048
1.180422992184904,5.619828250235632
1.1820944459716074,1.9910407588721957
1.1889702841184704,8.211588515937423
1.2058147887547204,1.9679903711507027
1.2118012635462199,3.4661310911504764
1.2149045039226554,6.1815472074667
1.2181137533710675,7.109834713058894
1.2219471562801418,7.221057218104015
1.2244786085953416,5.515057605060196
1.237453362938977,5.14798924223005
1.2411440630857022,4.28539594883849
1.243431805880392,4.657369453041224
1.2484354667762734,1.9989678160180588
1.2730753280852154,1.4688473728036608
1.2794687233379705,3.099648683378168
1.2800975153073146,2.7661448606382937
1.2875755362003742,2.2014874581385917
1.2958333730843847,4.502392054543518
1.3142754311054734,5.024333930358934
1.3202192192764457,3.2919716503277887
1.3335154103583982,6.073627261027045
1.333601591133955,0.8352118832444577
1.334712691569032,2.7315689522374527
1.3543170503301596,1.6908264080190747
1.355734073221436,-0.6081741302038588
1.3565480023359697,2.9597851173540004
1.3691325372216205,2.885618162346931
1.3692980916711575,6.156066637857292
1.3740430082459234,4.3923573566600975
1.3776370700283849,1.0835729366678395
1.3852048512218653,6.842758363614712
1.3919636508684308,5.579071443491943
1.3954325832615018,4.3024785161015835
1.4104262628233144,2.69109218513766
1.4186654137483368,1.228531193174099
1.4250074886584905,2.405659950110945
1.4273815001746115,5.328587245964025
1.4282016985582224,6.920616274453019
1.4446117065252269,6.245275082153545
1.4467238957403543,2.1820720489911043
1.4636777554360618,0.9287411534527763
1.4726368451059795,3.4543146151413655
1.4762692755925393,-0.36243927496150663
1.4789484307081446,3.8221914383279523
1.4848256288025397,2.883809591545374
1.4856562810575067,2.2473939117036683
1.4895581423019504,-0.007796287948535596
1.4997628223950663,4.214563895075802
1.5036885098451496,2.1242335242885417
1.5052264067489842,0.8507002649344773
1.51424717662608,-2.5486177228988964
1.5202691115536497,3.1445604714187168
1.5272572445080943,6.7484663396641835
1.5308235340417138,6.528754198502682
1.533306831258292,2.293642201443368
1.547076662786215,2.012524149103262
1.5613671593381193,4.164404405586298
1.5647102917013846,1.232469816941158
1.569063790304833,3.8359684870317987
1.569717691972306,4.765021247449118
1.5747521144441432,5.690425038989384
1.5816347649585651,3.041401300106399
1.613924491083063,2.860026112174722
1.6169575991516218,1.5139484161759993
1.619961318591665,1.6186904687175276
1.6254732224749313,2.8242077208495893
1.6258030797273655,4.0121810259537
1.6276220801156747,5.106193029268752
1.633468615779945,1.6777799140595047
1.633910350413836,6.269904809445487
1.6507969401666873,2.7575522814167908
1.6531657001700637,3.2592650203114033
1.6584777644519813,1.8125624187007734
1.662881495564621,-1.5373061058027502
1.6792532751457436,5.0952796089292605
1.7019180764468587,4.824216335037917
1.7110557683580812,2.7976744075735924
1.731583267347185,3.5171641624474934
1.7350274316440295,4.419010207044042
1.7377088567673233,0.2651375834556724
1.7494742623550916,2.3459549397912465
1.764151135621776,5.010396557168555
1.7688678212498905,0.9191427661177132
1.7711171686122222,4.017652149908919
1.771603871159341,0.7179836398372554
1.7747560166166068,4.367980871704917
1.7837721946773222,3.3753646520423897
1.789771073800651,0.22418601834760477
1.7964623934542558,5.792757065997183
1.7964952738138757,1.9941389164484937
1.799131535683891,1.846332514805544
1.799496512239136,3.868464101048399
1.813181884524238,5.78320021249516
1.8171206915880687,1.4597402750840267
1.8208855823090913,3.6200052465370383
1.822032461394687,4.355889990564452
1.837207678758368,4.90617187646693
1.8410084356035838,3.878391433723983
1.844640930984375,2.7967968689386757
1.8487222773865017,1.8817260308114052
1.8503840886987666,3.7116742309653654
1.8561669328710817,1.4038063481935974
1.8592466751278094,-2.289941186640612
1.8606803680750845,4.428066177946683
1.8633199846909978,5.366859530571343
1.876797403545016,-1.145883119101467
1.8774060547804652,1.5614821467863247
1.8827701182416918,4.827780343754935
1.886810895533615,7.710948845979269
1.8874483213882929,3.6385733471729753
1.8927685707290047,2.1496121974089575
1.8995966368294628,3.251039820168314
1.9024324256956797,6.371288272565042
1.9033332012072952,2.3311064401452954
1.9046613704306452,2.026866457221793
1.9080885955349585,2.6655077977192523
1.914613906045198,1.7353827428182649
1.9275438280320767,3.9096879086802705
1.9311603557421373,6.920044530363383
1.9352234575390135,4.324022360925084
1.9356033639579495,3.1738306677179065
1.9587447966464495,3.1368955326995636
1.972425054911576,0.6198266884185348
1.97845082224321,5.523952056128145
1.9813191874019491,3.607588872197717
1.9837164467263744,3.4069481848389698
1.99465584480253,10.175578156970854
2.0095814207957945,4.416834344651579
2.0118149735354276,2.320299940007186
2.015880723073235,2.979502211531235
2.0299722282668267,6.158466339511121
2.033388518675604,4.0953430967960145
2.0509726605496326,1.0301323651791496
2.0527135388142526,5.748959875700502
2.069251865816727,2.6110140979832286
2.0787137504071094,7.715419440827446
2.0953404629650674,6.167572017395553
2.097884344064469,3.118840249300847
2.106820029101142,6.596821151148786
2.1130890019112405,4.18563259965432
2.1180567328041606,5.767570823232601
2.132763504066043,5.067889763729068
2.1341788086377145,2.4092592965922526
2.1389390471299334,2.8268667792651283
2.150476511058071,6.203336015354278
2.1643834995380606,3.5100767978329737
2.170713726081104,3.3890758130743626
2.1741822524804713,2.2953726664912852
2.178620555253561,5.064718258107587
2.188334257530319,8.368904068677246
2.193042755363882,2.1216945098575564
2.19638333700245,4.314412035086496
2.1970568746496113,7.092277399782461
2.2024339114806217,4.123495938876554
2.2108078553874773,5.211035362157995
2.2115947691367612,2.1837295025089194
2.2193781723727692,5.187277730480355
2.2287635411263063,3.983423429680822
2.2327434536649093,6.340755826120789
2.2414717446406636,6.76971101874098
2.2433404653750912,9.57959911452881
2.25992161595007,5.609496276169144
2.260593820570497,5.103865076113943
2.2632032448786497,4.848988626686253
2.264036120285886,3.7564304346943587
2.2642384315677324,5.1403488788591645
2.264832081162318,3.874393333784824
2.322518545590704,4.985965727035431
2.3232764554579592,7.286754216130026
2.3262250965497984,2.648285023378348
2.340032050905398,6.987598014377078
2.341582703345498,7.347344999442244
2.3431636844393697,4.482366383921883
2.3468586821884267,0.4874327160855412
2.3522793310626797,3.5341550572681664
2.355353990939866,7.3544311227921835
2.3560302664618487,4.717052761736997
2.3633554983057454,2.7897419325101276
2.3673133613645483,3.7927100651242904
2.3689641025658927,6.489324747776393
2.3712410261231955,5.909607208158775
2.373139370977203,4.345010581113153
2.376547799540959,4.101360642954606
2.3780149111267184,4.056733287595462
2.3805925477585514,3.0046605099397707
2.380730459436071,8.080727048591541
2.382661559715462,4.2122724868037595
2.3832945477199603,7.2935084193734365
2.3883257366442825,7.919997111382137
2.3913251311624757,6.8848785606058005
2.3974474396474106,4.047381581505138
2.4001118510886306,5.727871822705678
2.402508342979983,4.880854597558295
2.4069480629459337,3.138281179280541
2.4153174400774002,5.625651637376603
2.4249521669624903,2.6552464253713293
2.4321038517363824,7.415991072858677
2.4322918585155815,4.112118915039708
2.438126310568416,5.466140522474689
2.438832665787282,5.633128374789328
2.445398843556558,4.574251113627702
2.4495953157999217,6.281862628616377
2.4507033680017702,4.163016251574085
2.4559224124726926,6.875982075267938
2.465563106963055,2.4797702357135805
2.479443315338828,5.480508229313301
2.4857928393629942,9.131556369350255
2.4864716755497582,3.2558220479463365
2.4890754064086007,3.911703562998962
2.489186341322691,6.295466226886993
2.5038814527734568,5.687907075919597
2.519133698476563,6.094580443059484
2.525051295704234,6.397071577460942
2.525234403190879,6.688928381281544
2.531245410138701,7.664854026227719
2.534996287063774,6.281391330302524
2.5481617096713762,5.037030538604549
2.553411077440658,6.8879893299071195
2.559525750968966,9.369924792652327
2.5699113755263525,5.351746730583214
2.5762559347655145,3.696859798545982
2.5771748654869553,7.864283924833089
2.578185914055439,5.4139910847226815
2.584543953621388,1.3386606451479386
2.592709694901674,7.416722227684897
2.5963709001240796,4.668322394764997
2.606202088614089,5.604187229100947
2.616928644964686,6.500301481524216
2.6203799324204073,6.233910696694124
2.6209784359485475,7.274695155378363
2.6300427409262266,5.028678627958447
2.6369936493851345,6.959802093179592
2.638992741680851,5.424307345215623
2.6413814485497458,7.43277274682452
2.642751506117486,7.192640881499008
2.648788852659151,4.120915221522081
2.657458223475115,8.207026638436918
2.668594379294568,5.019332077162582
2.676692772801797,7.748677983573103
2.6834914643031524,6.902096737655612
2.683700037670892,9.844966099192298
2.69071984177294,5.758045849972929
2.6933132235199997,5.519854679860479
2.6971237419458527,6.199569617904674
2.6987994797515444,5.640835807119963
2.7003718023048293,7.855338018996996
2.7014241229248146,3.028368330700275
2.7024689044593524,4.159126634310082
2.7036428816253366,4.137075345125975
2.704285838459497,8.176689654386037
2.7235714620155242,9.800184825761892
2.7243061635523347,6.174021382628638
2.729191683979165,6.071699930920249
2.766421904816731,6.755371786326798
2.7671433829434857,8.943094898159393
2.7730352908472513,4.7979913138259995
2.7746837696526674,7.138805802066323
2.7758904880675503,8.619332508525506
2.779335236643668,7.690782806950224
2.7817198625355175,7.0814066664053925
2.790161463999075,8.75292504909145
2.793792198447356,1.3653973437200335
2.7999289142620176,8.163335513511365
2.8158152137145933,5.592961822651308
2.8168225996522134,3.2458295682298535
2.817507766587351,7.933572804849582
2.8192729602458346,9.668989098593105
2.819459112971966,6.647883845899293
2.819486386887619,8.828692451329715
2.8306924963257636,10.214641239127756
2.8380633285146732,9.664492770024923
2.8463688459969987,10.36522317713209
2.855112476775208,8.623307700707683
2.8801954517128623,7.446760528156933
2.894271701451638,4.181695477316915
2.906413084221313,6.971901166361293
2.9090471937740077,5.794664648345833
2.913902724663604,11.854737716420672
2.9160063829372254,7.174858670975553
2.917264466877617,7.78129321492536
2.919091492757878,8.64985794516685
2.919837471007053,7.638999275924624
2.9213216196031038,10.95167000803275
2.9236567758896665,6.331675260167254
2.939761394339671,8.073386192404124
2.94032310062558,6.202998975062822
2.94303085200404,5.066091677180319
2.9577887767158018,6.582604425484127
2.9798210224434323,7.8839952876474095
2.9812455110756844,7.109396093157512
2.998306039716784,6.7031403891657995
